BlockGroup,TotHH,TotAdult,Age18to34,Age35to49,Age50to64,Age65plus,Tract,MOS_bg
261635338002,305,404,125,83,112,84,26163533800,1.804182078390641
261635338001,309,334,89,94,84,67,26163533800,1.505365588091307
261635338003,266,341,96,69,97,79,26163533800,1.521536576407781
261635338004,304,366,100,99,127,40,26163533800,1.6427948638928997
261635339001,688,765,348,154,188,75,26163533900,3.422802401447914
261635339002,698,676,266,103,185,122,26163533900,3.002967439499115
261635339003,941,1134,460,232,287,155,26163533900,5.072183638211891
261635339004,283,342,188,77,44,33,26163533900,1.5413584543912642
261635341001,435,430,107,108,137,78,26163534100,1.9269597178966151
261635341002,692,886,252,213,267,154,26163534100,3.968933792490682
261635342001,764,1076,307,260,296,213,26163534200,4.824684352587234
261635342002,573,791,249,175,194,173,26163534200,3.5426226324350507
261635342003,295,390,114,84,118,74,26163534200,1.7420311241669832
261635343001,676,820,283,194,207,136,26163534300,3.679320790734393
261635344001,520,689,213,150,207,119,26163534400,3.0791241057688956
261635344002,354,446,135,101,121,89,26163534400,1.99686305920857
261635347001,544,764,237,192,180,155,26163534700,3.43453341600225
261635347002,360,563,162,124,164,113,26163534700,2.516968440345016
261635347003,559,887,270,205,250,162,26163534700,3.9722683964073733
261635348001,324,462,151,106,114,91,26163534800,2.071260548462385
261635348002,523,676,194,172,165,145,26163534800,3.0385676898428855
261635348003,347,503,126,149,127,101,26163534800,2.270522373066168
261635350001,376,511,160,117,160,74,26163535000,2.2858377871731497
261635350002,431,711,222,191,175,123,26163535000,3.2017224147314574
261635350003,434,586,179,141,129,137,26163535000,2.632205088676084
261635351001,351,500,183,100,127,90,26163535100,2.2343005573308163
261635351002,468,767,256,195,184,132,26163535100,3.4495151021099835
261635352001,425,597,191,150,142,114,26163535200,2.683839616904783
261635352002,632,919,326,237,202,154,26163535200,4.138245394562433
261635112001,705,921,344,219,195,163,26163511200,4.139375636320313
261635112002,31,19,7,8,4,0,26163511200,0.08720737326261002
261635113001,325,625,242,157,142,84,26163511300,2.8124268096940357
261635113002,497,886,340,218,182,146,26163511300,3.987046726928258
261635114001,678,832,261,176,206,189,26163511400,3.7217360265667616
261635114002,625,843,247,154,230,212,26163511400,3.7545832026027073
261635119001,526,627,252,143,184,48,26163511900,2.8085431650582713
261635119002,708,693,247,129,213,104,26163511900,3.086356830030136
261635091003,365,948,413,232,231,72,26163509100,4.262519751694851
261635091004,335,958,405,255,207,91,26163509100,4.321301374092302
261635091005,322,480,142,108,119,111,26163509100,2.150130800998052
261635106001,468,856,370,236,165,85,26163510600,3.8685516923617578
261635106002,648,1487,545,416,333,193,26163510600,6.712791322581308
261635106003,520,1318,509,316,317,176,26163510600,5.920512351095192
261635318001,465,576,191,139,153,93,26163531800,2.584536577383052
261635316002,570,791,214,187,250,140,26163531600,3.5396479283385354
261635317001,476,590,161,108,216,105,26163531700,2.619781230543242
261635317002,529,657,208,138,157,154,26163531700,2.9392713094523146
261635318002,495,551,158,116,169,108,26163531800,2.459335478954972
261635319001,527,657,179,159,206,113,26163531900,2.9422088324478715
261635321001,472,821,260,206,192,163,26163532100,3.6910319147207438
261635321002,688,959,330,219,220,190,26163532100,4.301904682414003
261635324001,959,1255,442,296,338,179,26163532400,5.628141398631323
261635326001,451,625,256,129,125,115,26163532600,2.8007856559106177
261635326002,1039,1108,371,208,329,200,26163532600,4.9360805396687235
261635327001,499,406,143,103,85,75,26163532700,1.8278660221663534
261635330001,443,535,175,92,137,131,26163533000,2.3818367268011036
261635330002,351,596,147,131,211,107,26163533000,2.658151179722422
261635331001,383,426,139,58,102,127,26163533100,1.889579049840599
261635331002,594,629,172,149,142,166,26163533100,2.8227757176973736
261635332001,354,404,149,83,101,71,26163533200,1.8067326984096395
261635332002,349,435,143,81,108,103,26163533200,1.940359916350778
261635333001,309,435,106,84,151,94,26163533300,1.9344017289834066
261635333002,452,487,169,93,134,91,26163533300,2.1720982132745936
261635334001,419,466,167,111,115,73,26163533400,2.091951947282179
261635334002,617,646,190,160,173,123,26163533400,2.899531991553024
261635334003,432,534,194,89,141,110,26163533400,2.376157984271657
261635336001,414,438,130,106,123,79,26163533600,1.963907750658916
261635336002,577,597,172,169,156,100,26163533600,2.6909898049141994
261635160002,573,800,208,167,239,186,26163516000,3.5699382234627635
261635164001,739,978,351,238,255,134,26163516400,4.391174163202852
261635165001,854,1062,511,225,239,87,26163516500,4.761729093214224
261635165002,1074,1379,454,279,283,363,26163516500,6.17095204472019
261635166001,499,744,419,120,140,65,26163516600,3.322708666091874
261635166002,1,16,6,3,1,6,26163516600,0.07182189429712629
261635166003,936,919,213,196,236,274,26163516600,4.1073278318957325
261635167001,629,820,204,107,214,295,26163516700,3.629624720802624
261635167002,465,694,226,169,200,99,26163516700,3.1124661033688117
261635167003,787,1090,269,226,298,297,26163516700,4.86642788775654
261635168001,405,474,121,97,164,92,26163516800,2.110991188883208
261635169001,988,1235,218,171,352,494,26163516900,5.463759570284236
261635169002,596,713,38,50,256,369,26163516900,3.1179355306826935
261635170001,1837,2073,1007,292,353,421,26163517000,9.234157732112024
261635170002,593,779,273,193,121,192,26163517000,3.5104919331566937
261635171001,1155,1479,541,223,324,391,26163517100,6.578240213784906
261635054002,653,1021,324,257,257,183,26163505400,4.588129372651319
261635056001,388,611,234,132,154,91,26163505600,2.7360327069512
261635056002,962,1607,494,406,437,270,26163505600,7.217085771097878
261635056003,444,774,252,168,215,139,26163505600,3.4616892341516987
261635057001,366,371,106,88,113,64,26163505700,1.6611702660896834
261635057003,504,737,231,172,184,150,26163505700,3.304945775477394
261635057004,332,368,82,88,98,100,26163505700,1.6490519454936687
261635057005,433,823,192,192,236,203,26163505700,3.6835100137219037
261635058001,374,516,175,128,124,89,26163505800,2.3190947692586543
261635058002,311,905,433,233,117,122,26163505800,4.0911177407334
261635058003,315,473,131,111,146,85,26163505800,2.1168131144495907
261635058004,199,327,118,83,83,43,26163505800,1.4703373681196792
261635061001,744,1379,507,319,336,217,26163506100,6.186772076297039
261635062001,778,1353,447,323,333,250,26163506200,6.072708421514724
261635063001,453,732,242,186,187,117,26163506300,3.2903821718281656
261635063002,373,629,202,146,157,124,26163506300,2.820438856708894
261635064001,339,543,153,140,153,97,26163506400,2.4387595419946595
261635064002,3,154,53,39,56,6,26163506400,0.6899647485882238
261635065001,539,805,228,212,219,146,26163506500,3.61891918101511
261635065002,393,654,195,150,189,120,26163506500,2.9274017076695147
261635066001,797,1349,421,347,337,244,26163506600,6.06600538394458
261635066002,460,621,208,121,192,100,26163506600,2.767780340519665
261635067001,457,770,207,184,223,156,26163506700,3.4494479612295894
261635068001,790,1514,474,358,391,291,26163506800,6.789878143398017
261635068002,847,1385,446,343,354,242,26163506800,6.220467065183649
261635068003,0,7,4,0,3,0,26163506800,0.030444412900423393
261635069001,430,760,255,172,187,146,26163506900,3.4063904933667057
261635069002,611,1117,382,284,247,204,26163506900,5.026903070659736
261635393001,836,1552,417,392,381,362,26163539300,6.973090425216935
261635393002,750,1393,371,308,390,324,26163539300,6.229107026809999
261635394001,458,958,252,204,243,259,26163539400,4.28317391532456
261635394002,421,783,258,182,165,178,26163539400,3.515585107880961
261635394003,555,1078,328,244,255,251,26163539400,4.83167160704042
261635395001,299,519,145,141,120,113,26163539500,2.3382763991668605
261635395002,606,1079,259,240,308,272,26163539500,4.823692471229343
261635395003,450,781,115,135,135,396,26163539500,3.4803012250866083
261635396001,589,1050,329,224,291,206,26163539600,4.693592027520495
261635396002,728,1389,391,340,323,335,26163539600,6.2383398204514124
261635397001,1020,1675,424,338,449,464,26163539700,7.47507421725661
261635401001,492,785,200,169,202,214,26163540100,3.5099800025408148
261635401002,475,881,291,176,213,201,26163540100,3.936862549070546
261635401003,430,695,254,193,142,106,26163540100,3.138553726399685
261635402001,434,684,281,147,160,96,26163540200,3.0650518276894947
261635402002,392,542,207,122,141,72,26163540200,2.428979947983277
261635402003,650,1096,338,255,287,216,26163540200,4.912328811904345
261635403001,523,971,322,221,220,208,26163540300,4.355205335978177
261635403002,508,844,266,196,186,196,26163540300,3.7877311353429364
261635403003,577,955,295,197,236,227,26163540300,4.269194594270081
261635404001,610,1064,330,243,257,234,26163540400,4.769590382359087
261635404002,642,962,258,215,286,203,26163540400,4.300771880524387
261635405001,554,1094,319,265,267,243,26163540500,4.910708592709333
261635405002,386,677,184,194,162,137,26163540500,3.0543953129160055
261635405003,449,792,245,201,181,165,26163540500,3.5621710066906958
261635406001,600,980,334,238,219,189,26163540600,4.404169887383885
261635406002,771,1436,386,346,341,363,26163540600,6.444800150128661
261635407001,372,711,232,171,165,143,26163540700,3.1931119868735443
261635407002,431,850,247,227,184,192,26163540700,3.829639960145297
261635407003,510,839,297,209,207,126,26163540700,3.7710280880130713
261635408001,442,828,210,187,195,236,26163540800,3.7092496553407277
261635408002,478,799,254,227,194,124,26163540800,3.6049984116897504
261635409001,452,743,212,164,186,181,26163540900,3.325984955197332
261635409002,609,1158,343,256,265,294,26163540900,5.18788239159889
261635409003,378,740,174,180,191,195,26163540900,3.3188425324617814
261635410001,619,835,226,155,200,254,26163541000,3.723264269992381
261635410002,433,778,235,211,187,145,26163541000,3.504752021088547
261635410003,680,1116,406,269,254,187,26163541000,5.014774625170025
261635411001,609,1041,384,270,217,170,26163541100,4.690674022459126
261635411002,629,1025,352,269,258,146,26163541100,4.612984988159658
261635412001,655,907,297,167,299,144,26163541200,4.034554659706687
261635412002,469,656,238,189,142,87,26163541200,2.964818417993126
261635413001,521,925,359,247,218,101,26163541300,4.168974630136549
261635413002,598,995,351,293,245,106,26163541300,4.495728170286913
261635414001,286,411,124,84,127,76,26163541400,1.8332781416831772
261635414002,437,817,264,157,226,170,26163541400,3.643455894292934
261635414003,462,797,215,207,229,146,26163541400,3.5793066248903136
261635415001,814,1352,373,289,378,312,26163541500,6.041219464915878
261635415002,980,1545,422,332,390,401,26163541500,6.91012117325224
261635417001,772,925,261,208,227,229,26163541700,4.14319107162263
261635417002,440,639,196,176,162,105,26163541700,2.878956952765467
261635417003,312,490,178,101,100,111,26163541700,2.1944906873411734
261635418001,591,1025,285,252,238,250,26163541800,4.603996148078171
261635463011,720,1334,408,345,366,215,26163546301,5.994651878369666
261635466001,406,594,210,184,144,56,26163546600,2.6889456592195042
261635466002,467,813,315,165,210,123,26163546600,3.634492926192224
261635467001,740,1268,433,279,319,237,26163546700,5.678502358519218
261635467002,559,823,285,202,210,126,26163546700,3.6963123329687386
261635470001,512,856,235,228,238,155,26163547000,3.848503388269207
261635470002,710,1002,236,198,283,285,26163547000,4.466725393719026
261635470003,508,728,282,169,158,119,26163547000,3.269711977516697
261635471002,487,822,287,193,188,154,26163547100,3.6903579968998805
261635471003,1488,2121,784,550,493,294,26163547100,9.55007816939682
261635471004,208,368,149,85,88,46,26163547100,1.6517555532429269
261635472001,360,536,200,147,131,58,26163547200,2.4167791452702763
261635472002,270,466,173,109,128,56,26163547200,2.0893770464433334
261635472003,188,474,134,93,114,133,26163547200,2.1163584433120968
261635472004,919,1277,474,271,262,270,26163547200,5.723410155535477
261635006003,309,423,178,100,101,44,26163500600,1.900128623027271
261635006001,469,813,314,202,202,95,26163500600,3.6548287525214382
261635006002,185,312,107,61,93,51,26163500600,1.3912688855995263
261635006004,215,312,107,91,78,36,26163500600,1.4089656384510623
261635007001,357,627,225,172,162,68,26163500700,2.82551965319371
261635007002,331,559,188,170,132,69,26163500700,2.528930149158474
261635007003,531,798,287,231,206,74,26163500700,3.6024675864535003
261635007004,460,795,308,205,202,80,26163500700,3.57722768686214
261635008001,527,971,334,252,274,111,26163500800,4.364431160159441
261635008002,482,813,302,231,197,83,26163500800,3.670109043311544
261635009001,661,1154,427,289,302,136,26163500900,5.186062479842649
261635009002,879,1419,513,390,345,171,26163500900,6.3981255170509375
261635010001,496,863,322,212,236,93,26163501000,3.874879308105995
261635010002,667,1166,430,285,285,166,26163501000,5.239054300805498
261635001001,524,911,393,243,200,75,26163500100,4.109466293191173
261635001002,968,1841,694,458,472,217,26163500100,8.273745153934186
261635002001,312,608,211,160,149,88,26163500200,2.7371669045345475
261635002002,764,1480,538,394,347,201,26163500200,6.668413068710158
261635011001,384,721,294,185,155,87,26163501100,3.248293081703943
261635011002,274,421,132,106,90,93,26163501100,1.8940201452789869
261635011003,285,464,155,117,112,80,26163501100,2.0862067090997636
261635011004,402,681,269,165,157,90,26163501100,3.0611747693912417
261635012001,766,1102,393,273,296,140,26163501200,4.949139059825701
261635013001,473,821,295,188,207,131,26163501300,3.681095843313335
261635013002,386,631,216,163,152,100,26163501300,2.8393554738419597
261635013003,449,723,291,185,132,115,26163501300,3.260100758237318
261635014001,652,1237,381,344,295,217,26163501400,5.577539588647077
261635014002,412,709,238,185,189,97,26163501400,3.188589606201408
261635014003,441,739,248,157,200,134,26163501400,3.304426112650337
261635015001,571,1061,403,306,237,115,26163501500,4.79516487080483
261635015002,348,636,219,181,161,75,26163501500,2.869540340130203
261635015003,659,1196,405,336,303,152,26163501500,5.393574984817583
261635016001,422,679,192,170,197,120,26163501600,3.0461803103486242
261635003001,478,732,284,187,190,71,26163500300,3.292300355722546
261635003002,439,732,314,188,164,66,26163500300,3.297697849610512
261635004001,151,251,71,68,79,33,26163500400,1.1278917247728792
261635004002,154,143,31,53,35,24,26163500400,0.65098427219971855
261635004003,101,157,41,45,32,39,26163500400,0.7090317810350899
261635005001,275,506,188,115,121,82,26163500500,2.2694595490372422
261635005002,369,570,214,121,147,88,26163500500,2.550675510462006
261635018001,1027,1748,535,425,471,317,26163501800,7.842158238988262
261635016002,485,788,292,168,216,112,26163501600,3.5246466742765294
261635017001,642,974,276,251,265,182,26163501700,4.37580098968317
261635017002,403,791,205,150,200,236,26163501700,3.5268742702920255
261635018002,869,1454,444,334,381,295,26163501800,6.51444150566884
261635019001,502,747,265,211,190,81,26163501900,3.369739338191908
261635019002,610,973,326,264,251,132,26163501900,4.382275094435421
261635020001,766,1289,437,357,346,149,26163502000,5.807646810758645
261635026001,283,383,127,102,78,76,26163502600,1.7267964650821173
261635026002,408,645,190,153,151,151,26163502600,2.894533402749972
261635026003,188,327,103,77,69,78,26163502600,1.4684942148947053
261635026004,411,629,185,138,153,153,26163502600,2.8160893631224293
261635026005,256,334,142,93,63,36,26163502600,1.5100235817939995
261635027001,426,607,198,132,161,116,26163502700,2.7159814968274256
261635027002,192,306,81,80,88,57,26163502700,1.3744340009128893
261635027003,284,405,124,115,103,63,26163502700,1.826434429486335
261635027004,376,534,103,102,208,121,26163502700,2.3697741054203667
261635031001,552,1048,365,249,285,149,26163503100,4.70022824328095
261635031002,570,1173,343,257,326,247,26163503100,5.245751118715582
261635032001,626,1089,406,306,259,118,26163503200,4.915003933977996
261635032002,576,979,377,266,239,97,26163503200,4.41347126890318
261635033001,704,1215,417,338,300,160,26163503300,5.478836711198108
261635033002,656,1093,388,306,247,152,26163503300,4.933416247467481
261635034001,494,673,203,178,190,102,26163503400,3.025485321251147
261635035001,431,775,285,208,176,106,26163503500,3.4937096713738125
261635035002,585,780,267,204,198,111,26163503500,3.509735966315857
261635035003,223,382,129,98,99,56,26163503500,1.7175210020206786
261635036001,643,1080,377,273,238,192,26163503600,4.860002686488251
261635366002,900,1190,330,306,324,230,26163536600,5.345516262163576
261635366001,504,715,200,166,205,144,26163536600,3.2011494471675244
261635367001,575,805,226,180,205,194,26163536700,3.604090875631658
261635368001,735,1154,398,301,254,201,26163536800,5.197679206846894
261635369001,750,1339,428,328,349,234,26163536900,6.010918368726994
261635369002,634,1079,368,285,243,183,26163536900,4.860793795676805
261635370001,491,791,263,186,177,165,26163537000,3.5512998634438415
261635370002,374,677,216,153,154,154,26163537000,3.0355170192145566
261635370003,632,913,331,210,210,162,26163537000,4.096990067930985
261635371001,574,840,288,208,186,158,26163537100,3.777396855799537
261635371002,398,592,155,185,166,86,26163537100,2.6752963676169164
261635372001,350,450,122,131,126,71,26163537200,2.028777596190579
261635373001,297,431,120,110,110,91,26163537300,1.936666761830561
261635373002,253,328,90,90,87,61,26163537300,1.4766095316376227
261635373003,519,752,223,185,200,144,26163537300,3.374923106823969
261635375001,396,687,224,154,169,140,26163537500,3.0781519703033347
261635375002,276,428,141,117,106,64,26163537500,1.9286193416787631
261635375003,498,873,278,206,198,191,26163537500,3.9189298176500236
261635376001,427,888,250,212,219,207,26163537600,3.9837089722049828
261635376002,411,722,244,183,184,111,26163537600,3.2454825773432483
261635376003,580,912,262,192,250,208,26163537600,4.074741487264657
261635377001,424,719,254,175,178,112,26163537700,3.229421807437019
261635377002,319,574,232,127,128,87,26163537700,2.574730416143381
261635377003,677,872,224,210,249,189,26163537700,3.907273583033388
261635378001,426,688,235,193,149,111,26163537800,3.1060845038856595
261635378002,308,437,145,99,117,76,26163537800,1.9573507795830842
261635039001,826,1265,433,287,298,247,26163503900,5.672413456382967
261635040001,221,345,119,101,72,53,26163504000,1.5601795153486382
261635040002,248,427,130,114,96,87,26163504000,1.9235766923889195
261635041001,335,476,155,103,122,96,26163504100,2.1301383490716495
261635041002,276,419,111,105,128,75,26163504100,1.8785896042109593
261635042001,875,1218,390,293,312,223,26163504200,5.465725546647484
261635043001,286,440,147,103,113,77,26163504300,1.973223090423537
261635043002,373,587,200,143,131,113,26163504300,2.638260380246292
261635043003,253,375,81,96,109,89,26163504300,1.6823461586545068
261635044001,230,353,115,99,93,46,26163504400,1.5911400345730504
261635044002,198,323,91,92,81,59,26163504400,1.4566033470106976
261635044003,287,369,107,92,104,66,26163504400,1.6557703875946994
261635051001,689,931,296,206,267,162,26163505100,4.1644471559352505
261635051002,234,304,86,69,80,69,26163505100,1.361253986333885
261635051003,518,1018,310,220,290,198,26163505100,4.550550618156805
261635052001,502,708,228,152,196,132,26163505200,3.1656176845074606
261635052002,838,1496,503,354,352,287,26163505200,6.715513846729037
261635054001,247,396,135,95,94,72,26163505400,1.7782766197582105
261635382002,333,719,129,141,196,253,26163538200,3.203838848398801
261635381001,522,908,234,191,240,243,26163538100,4.05685703388915
261635381002,498,895,191,202,241,261,26163538100,4.003609089142586
261635382001,436,905,193,222,222,268,26163538200,4.060569789426327
261635383001,740,829,264,157,277,131,26163538300,3.689030895446317
261635383002,998,943,331,214,267,131,26163538300,4.222727470331208
261635384001,604,1271,311,298,314,348,26163538400,5.696981534339123
261635384002,774,1436,387,321,363,365,26163538400,6.428786723488997
261635385001,710,1053,363,245,206,239,26163538500,4.730863630031475
261635385002,479,893,262,215,222,194,26163538500,4.007293960879768
261635385003,663,1096,355,237,272,232,26163538500,4.905751202007847
261635385004,549,901,280,203,244,174,26163538500,4.033855255813052
261635386001,515,963,250,248,273,192,26163538600,4.323794701987969
261635386002,414,823,269,175,189,190,26163538600,3.6844501059248325
261635386003,457,882,248,187,251,196,26163538600,3.9398862781353756
261635386004,572,951,330,218,230,173,26163538600,4.264936500893967
261635387001,924,1498,408,309,332,449,26163538700,6.699497613386394
261635387002,782,1413,407,341,346,319,26163538700,6.34158796719593
261635388001,678,1219,365,265,321,268,26163538800,5.453203518689832
261635389001,906,1466,414,282,363,407,26163538900,6.541141249329304
261635389002,712,1320,369,294,319,338,26163538900,5.911506846677315
261635390001,684,1200,348,299,320,233,26163539000,5.387032931752714
261635390002,533,861,260,225,209,167,26163539000,3.8739329916160417
261635391001,804,1362,391,298,351,322,26163539100,6.0942416287808
261635392001,1142,1745,396,409,480,460,26163539200,7.813438890902034
261635392002,372,646,143,134,180,189,26163539200,2.88299549833439
261635392003,799,1517,437,325,402,353,26163539200,6.782725498699861
261635240011,355,697,267,215,158,57,26163524001,3.157138037543803
261635240012,409,694,247,203,135,109,26163524001,3.1400428691930706
261635240013,249,406,152,132,74,48,26163524001,1.8448785258350775
261635241011,597,898,308,273,188,129,26163524101,4.066097999784586
261635241012,922,1685,589,441,419,236,26163524101,7.583819600633766
261635242001,547,1070,430,347,182,111,26163524200,4.864721716427071
261635242002,319,670,258,198,140,74,26163524200,3.032015949513826
261635242003,597,1144,434,356,255,99,26163524200,5.183911197293651
261635243001,306,635,248,169,165,53,26163524300,2.859603845497166
261635243002,0,4,1,1,1,1,26163524300,0.017960803029957974
261635243003,574,1137,423,385,216,113,26163524300,5.173234895395172
261635245001,15,44,13,6,15,10,26163524600,0.19449887309719477
261635245002,21,23,5,9,6,3,26163524600,0.10490102944240064
261635245003,3,4,2,2,0,0,26163524600,0.018662712920490484
261635246001,666,1016,328,266,280,142,26163524600,4.567902772276055
261635247001,707,1211,325,262,336,288,26163524700,5.412779869654623
261635247002,642,911,180,182,328,221,26163524700,4.050863369941842
261635247003,509,832,238,201,214,179,26163524700,3.7326665679939923
261635248001,623,1048,266,241,287,254,26163524800,4.691516790671045
261635248002,551,910,270,225,240,175,26163524800,4.084889740527789
261635353002,496,857,278,194,217,168,26163535300,3.8399214274280906
261635353001,600,1062,336,263,251,212,26163535300,4.772328359216194
261635353003,533,943,300,254,199,190,26163535300,4.251601835913795
261635356001,299,531,133,114,152,132,26163535600,2.3718859855013834
261635356002,382,725,232,146,158,189,26163535600,3.242422918241246
261635356003,457,808,212,184,222,190,26163535600,3.616379300467885
261635356004,475,832,239,170,208,215,26163535600,3.7173860580331706
261635357001,621,897,284,223,214,176,26163535700,4.031047311584094
261635358001,392,619,194,164,163,98,26163535800,2.7848084893798832
261635358002,360,566,159,127,180,100,26163535800,2.5293479125462737
261635358003,444,687,218,164,174,131,26163535800,3.082414073639753
261635358004,279,486,142,112,143,89,26163535800,2.1752089610853385
261635358005,389,608,177,135,154,142,26163535800,2.7219874633894556
261635361001,498,737,269,180,168,120,26163536100,3.312956892958221
261635361002,772,1055,289,205,214,347,26163536100,4.714498818227848
261635361003,493,625,230,145,163,87,26163536100,2.8027635553546673
261635362001,272,489,162,104,113,110,26163536200,2.189188643772564
261635362002,606,1056,325,272,271,188,26163536200,4.747484914349385
261635363001,564,786,299,198,171,118,26163536300,3.538012391810161
261635363002,302,431,160,84,117,70,26163536300,1.9238808901627382
261635363003,499,780,256,182,185,157,26163536300,3.499591692781422
261635364001,475,660,194,177,148,141,26163536400,2.9733773740653686
261635364002,454,559,143,126,172,118,26163536400,2.498554263672718
261635364003,313,390,125,79,126,60,26163536400,1.7387978989772699
261635365001,482,691,213,166,166,146,26163536500,3.1018775329929023
261635365002,644,906,275,234,224,173,26163536500,4.07446466939577
261635265002,448,620,213,153,145,109,26163526500,2.786761066285343
261635254001,461,592,145,105,220,122,26163525400,2.6257445097383623
261635254002,383,720,268,183,175,94,26163525400,3.2389903055748746
261635257001,480,946,349,304,198,95,26163525700,4.293052173756176
261635257002,1,1,0,0,1,0,26163525700,0.0042458157485797746
261635257003,569,1070,410,340,216,104,26163525700,4.8555269025314125
261635257004,433,889,298,312,191,88,26163525700,4.0461191560435585
261635258001,288,506,198,164,110,34,26163525800,2.29693484780733
261635258002,352,634,262,188,123,61,26163525800,2.8715106963021833
261635259001,310,560,187,195,91,87,26163525900,2.551945692997781
261635259002,275,497,177,166,121,33,26163525900,2.2561028506266316
261635259003,377,714,270,186,170,88,26163525900,3.2150267698722423
261635260001,532,1060,450,300,216,94,26163526000,4.792575649003955
261635260002,433,888,384,238,167,99,26163526000,4.0101977652393215
261635261001,326,744,333,205,130,76,26163526100,3.3646629650216404
261635261002,421,935,408,263,154,110,26163526100,4.232079269632707
261635262001,338,773,342,222,127,82,26163526200,3.5014464312174995
261635262002,258,505,214,161,85,45,26163526200,2.2951234106043117
261635262003,279,591,254,197,88,52,26163526200,2.6921820718214944
261635263001,341,639,241,211,134,53,26163526300,2.9029901993516134
261635263002,333,600,226,180,125,69,26163526300,2.716471763103656
261635263003,432,865,360,294,131,80,26163526300,3.9424760613689753
261635264001,248,506,201,144,97,64,26163526400,2.2884360910193102
261635264002,260,458,162,121,108,67,26163526400,2.06284189551271
261635265001,521,692,238,162,169,123,26163526500,3.1048415465080623
261635279001,248,290,80,80,72,58,26163527900,1.3064578383430747
261635279002,246,289,101,81,62,45,26163527900,1.304878664916214
261635279003,389,365,90,98,113,64,26163527900,1.6393885539366895
261635279004,569,442,150,109,110,73,26163527900,1.9856590344137244
261635301001,680,872,223,199,295,155,26163530100,3.8951601526235495
261635434001,571,997,323,243,233,198,26163543400,4.478892904936688
261635433002,314,607,181,148,138,140,26163543300,2.726754111030062
261635433003,302,543,130,113,147,153,26163543300,2.424528314714689
261635433004,383,590,234,149,120,87,26163543300,2.657518904006718
261635434002,402,654,203,166,171,114,26163543400,2.9385630113228363
261635434003,413,693,185,182,184,142,26163543400,3.115292774345206
261635435001,542,822,319,212,183,108,26163543500,3.702325311507248
261635437001,266,438,150,118,126,44,26163543700,1.9706083279973128
261635437002,437,719,291,211,148,69,26163543700,3.253906783653408
261635439001,487,601,219,132,193,57,26163543900,2.6861749520222253
261635440001,1250,1985,694,473,568,250,26163544000,8.899572508593845
261635441001,381,639,176,174,141,148,26163544100,2.87994688898744
261635441002,678,981,454,256,209,62,26163544100,4.424482656093059
261635442001,406,525,206,135,118,66,26163544200,2.3643576550309384
261635442002,697,963,234,176,248,305,26163544200,4.289039445089418
261635443001,582,950,344,248,237,121,26163544300,4.275821239623732
261635443002,738,845,217,242,259,127,26163544300,3.80390712120362
261635448001,386,557,184,156,146,71,26163544800,2.5107672549741333
261635448002,500,732,239,216,188,89,26163544800,3.3057445517412365
261635451001,276,383,121,88,92,82,26163545100,1.7173146113549667
261635451002,254,370,125,108,89,48,26163545100,1.6713329827768755
261635452001,309,483,138,148,100,97,26163545200,2.18656710648746
261635452002,337,584,199,167,104,114,26163545200,2.6412910055598817
261635452003,228,303,123,78,58,44,26163545200,1.3661862370618016
261635452004,360,530,160,144,134,92,26163545200,2.386776538747973
261635214002,518,637,320,141,115,61,26163521400,2.863778265117476
261635211002,336,592,173,152,142,125,26163521100,2.662187440584316
261635214001,460,574,284,148,77,65,26163521400,2.594941404389839
261635215001,269,396,178,82,95,41,26163521500,1.7732197652340573
261635215002,436,635,235,142,159,99,26163521500,2.845803724142576
261635218001,901,1179,282,207,249,441,26163521800,5.25398570681209
261635219001,430,669,312,149,110,98,26163521900,3.008566515819722
261635219003,1,143,26,21,71,25,26163521900,0.6291358814109931
261635219004,616,969,542,162,156,109,26163521900,4.334004500036653
261635219005,483,628,245,104,151,128,26163521900,2.796854534333683
261635220001,584,807,319,188,208,92,26163522000,3.620621850965834
261635220002,331,534,144,112,164,114,26163522000,2.38281534516118
261635223001,628,674,187,115,258,114,26163522300,2.986985751455255
261635223002,375,276,63,76,89,48,26163522300,1.2399273336388972
261635223003,2,32,7,1,21,3,26163522300,0.13820482812584547
261635224001,519,614,262,141,168,43,26163522400,2.7531501430188916
261635225001,1030,687,100,104,259,224,26163522500,3.0343536890267653
261635225002,324,494,163,143,124,64,26163522500,2.2299523274648916
261635228001,326,504,168,152,122,62,26163522800,2.278968676812989
261635228002,322,409,125,90,126,68,26163522800,1.82781771105865
261635231001,575,948,411,266,194,77,26163523100,4.285246151859246
261635232001,347,712,308,179,154,71,26163523200,3.2064558623291846
261635232002,422,804,300,225,162,117,26163523200,3.6322677669229853
261635232003,388,736,272,254,149,61,26163523200,3.3498739129758666
261635233001,372,639,236,218,124,61,26163523300,2.9077996866925435
261635233002,355,738,288,206,161,83,26163523300,3.3326699204069223
261635233003,330,646,277,165,136,68,26163523300,2.910986691915509
261635234001,830,1027,359,272,231,165,26163523400,4.62733798358495
261635234002,430,642,268,175,142,57,26163523400,2.8974471251172282
261635238001,248,449,188,128,94,39,26163523800,2.0300863941223364
261635238002,438,950,400,284,186,80,26163523800,4.304019433621962
261635238003,201,408,149,124,95,40,26163523800,1.8464544653725823
261635238004,383,737,326,193,147,71,26163523800,3.325081108187244
261635173002,935,1058,495,281,188,94,26163517300,4.779708485774006
261635172001,295,889,285,253,278,73,26163517200,4.002830737727402
261635172002,646,761,387,164,139,71,26163517200,3.4189119720818852
261635173001,398,625,204,147,114,160,26163517300,2.809437586954666
261635175001,921,1246,324,166,331,425,26163517500,5.516838427522144
261635175002,1205,1282,456,178,324,324,26163517500,5.687556251511121
261635180001,397,423,197,79,91,56,26163518000,1.8913852062767593
261635180002,1129,1593,681,308,310,294,26163518000,7.130222680527643
261635207004,661,387,272,39,56,20,26163520700,1.720791949678038
261635208001,1079,1185,399,233,293,260,26163520800,5.292813157734973
261635211001,505,667,260,182,139,86,26163521100,3.0107533457009965
261635189001,1016,1462,462,302,340,358,26163518900,6.5392654656641485
261635190001,288,386,87,76,128,95,26163519000,1.7177865903548617
261635190002,348,493,165,96,142,90,26163519000,2.1986879879271375
261635191001,491,616,147,133,175,161,26163519100,2.751827107207878
261635191002,221,245,63,40,88,54,26163519100,1.085417161140443
261635192001,245,339,62,89,108,80,26163519200,1.5202072733299614
261635192002,293,480,126,116,146,92,26163519200,2.1498878983620378
261635192003,294,345,88,85,96,76,26163519200,1.5471997776316218
261635193001,362,469,137,89,136,107,26163519300,2.089453752486111
261635193002,337,588,117,106,191,174,26163519300,2.6115205111922486
261635202001,648,956,749,90,56,61,26163520200,4.2622118350408496
261635202002,415,2594,2492,47,40,15,26163520200,11.49754360231735
261635203001,575,584,291,86,115,92,26163520300,2.6015414920145554
261635203002,467,526,317,125,60,24,26163520300,2.376309993577468
261635203003,634,1395,1201,101,56,37,26163520300,6.211842579825275
261635204001,624,591,415,97,45,34,26163520400,2.6529505027957825
261635204002,266,480,235,103,118,24,26163520400,2.1516729800494385
261635204003,489,512,256,133,65,58,26163520400,2.315788214377549
261635207001,971,1102,589,200,161,152,26163520700,4.938161922300627
261635207002,1250,1194,646,177,165,206,26163520700,5.331379364144167
261635207003,421,384,269,50,30,35,26163520700,1.7168257438032615
261635153002,917,1114,148,131,431,404,26163515300,4.898595739700132
261635152001,347,610,147,128,159,176,26163515200,2.725125442314725
261635152002,317,510,111,77,157,165,26163515200,2.258915813517661
261635153001,989,1325,555,287,282,201,26163515300,5.942895839101438
261635154001,263,468,90,161,107,110,26163515400,2.124551425151503
261635154002,462,660,240,141,130,149,26163515400,2.9590857005121913
261635157001,1429,1663,551,278,358,476,26163515700,7.409227810731212
261635157002,1512,1623,327,186,486,624,26163515700,7.158654927129964
261635157003,965,1131,170,114,324,523,26163515700,4.9799553776259184
261635160001,507,922,329,219,226,148,26163516000,4.138840341004227
261635418002,676,941,302,229,272,138,26163541800,4.219835689524191
261635421001,943,1771,561,448,351,411,26163542100,7.97262306917184
261635421002,1014,1648,424,436,453,335,26163542100,7.407221378889052
261635422001,858,1479,468,368,331,312,26163542200,6.649671147710739
261635422002,779,1276,343,297,288,348,26163542200,5.723341435066948
261635423001,367,667,217,161,149,140,26163542300,2.9965807707620615
261635423002,679,1073,361,274,280,158,26163542300,4.823360252437919
261635424001,430,698,223,196,142,137,26163542400,3.151931143170728
261635424002,682,1225,421,314,248,242,26163542400,5.517508224141765
261635425001,453,892,257,221,203,211,26163542500,4.0084391688271035
261635425002,579,1080,314,221,290,255,26163542500,4.823029155662642
261635426001,696,1186,378,296,266,246,26163542600,5.332834479274543
261635426002,680,1157,366,289,255,247,26163542600,5.203060934571226
261635429001,274,538,147,124,124,143,26163542900,2.4122436138307486
261635429002,536,1074,301,240,268,265,26163542900,4.8090975649124035
261635429003,552,1070,269,245,291,265,26163542900,4.789618677125137
261635430001,363,695,189,166,154,186,26163543000,3.1200311829271588
261635430002,346,718,160,145,189,224,26163543000,3.2038402883559853
261635431001,546,1037,281,249,271,236,26163543100,4.6503164254910345
261635431002,420,878,206,178,218,276,26163543100,3.9204001493295286
261635432001,478,926,266,215,213,232,26163543200,4.153366556000287
261635432002,336,612,225,169,133,85,26163543200,2.7621988753044344
261635432003,373,753,248,203,178,124,26163543200,3.3927941501126666
261635433001,413,776,208,190,187,191,26163543300,3.483880104713487
261635071001,756,1226,372,286,334,234,26163507100,5.493339781376603
261635071002,304,464,141,103,138,82,26163507100,2.07472618976167
261635072001,519,750,231,188,185,146,26163507200,3.3701309086866296
261635073001,881,1384,431,300,356,297,26163507300,6.192758823635364
261635073002,205,303,86,62,82,73,26163507300,1.352947835789557
261635074001,425,661,201,163,172,125,26163507400,2.967461438136814
261635074002,781,1230,389,275,347,219,26163507400,5.504084762311237
261635075001,470,762,254,193,196,119,26163507500,3.4248149774977215
261635075002,602,919,220,184,223,292,26163507500,4.103169391281395
261635080001,626,835,270,210,270,85,26163508000,3.7441682133846026
261635081001,460,654,181,171,183,119,26163508100,2.9385657185435674
261635081002,219,309,96,81,76,56,26163508100,1.3904063173604384
261635090001,370,602,207,155,141,99,26163509000,2.7091902766908165
261635090002,235,298,84,64,96,54,26163509000,1.330056017933954
261635090003,210,273,71,78,80,44,26163509000,1.2294036300196638
261635090004,275,338,94,94,84,66,26163509000,1.523115664338529
261635091001,228,469,193,99,140,37,26163509100,2.0965265276324425
261635091002,190,359,140,77,81,61,26163509100,1.6087117122242298
261635459002,811,1248,524,333,283,108,26163545900,5.627847296803266
261635460001,771,1114,414,306,242,152,26163546000,5.027282445480029
261635460002,693,894,334,248,208,104,26163546000,4.033903444818948
261635461001,817,1333,532,327,330,144,26163546100,5.991197587577224
261635461002,809,1312,489,360,316,147,26163546100,5.916409475309601
261635462011,871,1526,566,436,349,175,26163546201,6.892872890396767
261635462012,374,688,207,209,191,81,26163546201,3.1074249218544203
261635128001,648,957,301,224,302,130,26163512800,4.283191298765979
261635128002,339,443,120,103,131,89,26163512800,1.982729325582451
261635128003,370,419,108,100,131,80,26163512800,1.8754419060884795
261635132001,353,475,134,118,131,92,26163513200,2.1314238235358576
261635132002,562,708,192,184,207,125,26163513200,3.179221232592126
261635133001,525,758,156,160,215,227,26163513300,3.3832446503263878
261635133002,555,911,248,194,240,229,26163513300,4.072174427324406
261635137001,519,894,297,166,234,197,26163513700,3.9860044545224733
261635137002,393,677,158,178,185,156,26163513700,3.0417689432342323
261635137003,567,736,125,113,190,308,26163513700,3.2644274621108726
261635138001,837,982,331,196,272,183,26163513800,4.383622280934684
261635138002,799,963,387,164,262,150,26163513800,4.287454144026701
261635139001,453,612,169,116,182,145,26163513900,2.72541957961881
261635139002,452,553,211,122,143,77,26163513900,2.4770966992407857
261635141001,545,678,184,133,205,156,26163514100,3.0210728578654344
261635141002,476,626,205,152,168,101,26163514100,2.8090272355776715
261635142001,654,854,188,171,232,263,26163514200,3.808840718362819
261635142002,454,631,180,115,191,145,26163514200,2.8074214618598345
261635143001,605,883,219,194,231,239,26163514300,3.9494228928020574
261635143002,435,843,171,137,287,248,26163514300,3.7345946066017817
261635145001,467,654,206,134,186,128,26163514500,2.919953621798032
261639836002,3,9,3,0,3,3,26163985100,0.03916856395015125
261639841001,2,3,2,0,1,0,26163985100,0.013099298575921809
261639850001,7,10,4,2,1,3,26163985100,0.044912903959811165
261639850002,1,6,4,0,2,0,26163985100,0.026198597151843618
261639851001,127,136,81,33,16,6,26163985100,0.614653187948376
261639852001,1,1,0,0,1,0,26163985300,0.0042458157485797746
261639853001,246,208,120,50,31,7,26163985300,0.938745425923137
261635302001,829,1226,394,255,329,248,26163530200,5.4788267787865275
261635301002,709,995,312,208,279,196,26163530100,4.445077485548613
261635302002,709,918,279,197,268,174,26163530200,4.1019004020858505
261635302003,45,759,691,30,30,8,26163530200,3.3684602872703566
261635303001,451,604,173,134,188,109,26163530300,2.6990738010425224
261635303002,329,422,130,131,87,74,26163530300,1.9117556057687348
261635304001,438,401,132,86,130,53,26163530400,1.7904152414453751
261635304002,344,500,197,98,115,90,26163530400,2.235515918046105
261635305001,441,698,248,166,166,118,26163530500,3.134071819479665
261635305002,736,1015,323,221,270,201,26163530500,4.541237449072906
261635308001,545,648,173,141,198,136,26163530800,2.894222296024929
261635308002,466,444,160,90,112,82,26163530800,1.9846830715528803
261635309001,528,516,151,113,124,128,26163530900,2.3102453516561217
261635309002,311,266,76,52,91,47,26163530900,1.1838722115748654
261635309003,434,499,146,104,145,104,26163530900,2.227925100181583
261635311001,774,785,231,159,282,113,26163531100,3.4950813828508274
261635312001,533,780,268,184,183,145,26163531200,3.5014266184878675
261635312002,601,1013,325,246,250,192,26163531200,4.5483373157028115
261635313001,667,893,253,190,277,173,26163531300,3.9863015309204695
261635314001,464,529,157,116,155,101,26163531400,2.3647819013132536
261635314002,427,625,204,137,150,134,26163531400,2.799266402088339
261635315011,475,517,190,139,121,67,26163531501,2.3302693306653715
261635315012,385,465,135,120,123,87,26163531501,2.089775114948374
261635315021,625,580,185,140,165,90,26163531502,2.600679640467159
261635316001,445,499,180,107,137,75,26163531600,2.232056333584626
261635070001,445,669,209,163,174,123,26163507000,3.0025997393010755
261635069003,418,674,213,177,145,139,26163506900,3.035980752037113
261635070002,738,1217,425,304,275,213,26163507000,5.473680770729505
261635455003,545,934,340,259,215,120,26163545500,4.214273462191477
261635455001,440,835,308,231,196,100,26163545500,3.766945400004251
261635455002,558,821,345,226,165,85,26163545500,3.70883700655424
261635456001,690,1392,556,387,312,137,26163545600,6.284606185077415
261635456002,548,1025,429,294,192,110,26163545600,4.63842490420963
261635456003,446,909,399,219,202,89,26163545600,4.088178443548439
261635457001,607,1125,431,308,255,131,26163545700,5.07548563709333
261635457002,499,862,320,276,173,93,26163545700,3.9124347960988777
261635458001,816,1577,635,501,312,129,26163545800,7.158375825497824
261635458002,625,1141,441,363,225,112,26163545800,5.1788434207327025
261635458003,418,790,329,220,161,80,26163545800,3.5696800365560746
261635459001,826,1282,494,348,309,131,26163545900,5.77982899844088
