Tract,BlockGroup,TotAdult,Age18to34,Age35to49,Age50to64,Age65plus,MOS_bg,pi_i,pij_given_i,pi_ij,rate_Age18to34,rate_Age35to49,rate_Age50to64,rate_Age65plus,d0_bg,d0_18to34,d0_35to49,d0_50to64,d0_65plus,exp_workload
26163500200,261635002001,608,211,160,149,88,2.7371669045345475,0.17462555960526865,0.29101521780908196,0.05081869526356008,0.08710852159254952,0.09651202222208792,0.08354830297314358,0.08626020007790859,19.677797606052618,225.8998,203.8896,235.526,228.12140000000002,53.86141636141636
26163500900,261635009001,1154,427,289,302,136,5.186062479842649,0.21507395793609174,0.44768459224188545,0.09628529716046766,0.04597525836466471,0.05093835913909334,0.04409620029009997,0.045527520300708675,10.385801669526083,225.8998,203.8896,235.526,228.12140000000002,53.861416361416374
26163501400,261635014002,709,238,185,189,97,3.188589606201408,0.22410393418739663,0.26416262756532,0.059199884102668236,0.07477618378431077,0.08284838933245757,0.07172000102595485,0.07404796289010607,16.891924961639045,225.8998,203.8896,235.526,228.12140000000002,53.86141636141637
26163502000,261635020001,1289,437,357,346,149,5.807646810758645,0.10782573506401429,1,0.10782573506401429,0.04105459064149145,0.045486497668320455,0.039376645529558475,0.04065477335749645,9.274223814994789,225.8998,203.8896,235.526,228.12140000000002,53.86141636141637
26163503400,261635034001,673,203,178,190,102,3.025485321251147,0.0561716628643738,1,0.0561716628643738,0.07880737702850923,0.08731475616836185,0.07558643508260163,0.07803989765653213,17.80257070926483,225.8998,203.8896,235.526,228.12140000000002,53.861416361416374
26163505100,261635051003,1018,310,220,290,198,4.550550618156805,0.18707736337294065,0.45161144504436695,0.08448627840794386,0.052395980709392824,0.05805220846505019,0.050254500832416366,0.05188571332218589,11.836241563055696,225.8998,203.8896,235.526,228.12140000000002,53.86141636141637
26163506100,261635061001,1379,507,319,336,217,6.186772076297039,0.11486463769877642,1,0.11486463769877642,0.03853876617170728,0.04269908602712173,0.036963645501708685,0.038163449682648974,8.70589957043544,225.8998,203.8896,235.526,228.12140000000002,53.861416361416374
26163506900,261635069003,674,213,177,145,139,3.035980752037113,0.21294045145607368,0.264705566226191,0.056366522775140725,0.078534938749554,0.08701290775270783,0.07532513164804097,0.07777011256522404,17.741026956536498,225.8998,203.8896,235.526,228.12140000000002,53.86141636141637
26163508000,261635080001,835,270,210,270,85,3.7441682133846026,0.06951484877896265,1,0.06951484877896265,0.0636805156225944,0.07055492650454437,0.061077824711670683,0.06306035182600558,14.385415743040946,225.8998,203.8896,235.526,228.12140000000002,53.86141636141636
26163511400,261635114002,843,247,154,230,212,3.7545832026027073,0.13880658427180037,0.5021967478266438,0.06970821519822311,0.06350386968140101,0.07035921135876744,0.060908398479380406,0.06288542618208791,14.34551146025455,225.8998,203.8896,235.526,228.12140000000002,53.86141636141637
26163513900,261635139002,553,211,122,143,77,2.4770966992407857,0.09659078112521415,0.4761343485471556,0.04599018864671473,0.0962540390446352,0.10664481253273968,0.09232003332700119,0.09531665231484324,21.743768169375276,225.8998,203.8896,235.526,228.12140000000002,53.86141636141637
26163515700,261635157001,1663,551,278,358,476,7.409227810731212,0.36292840842355184,0.3790305489005012,0.13756095385636413,0.03218021749320851,0.03565412211153636,0.030864977521260085,0.031866824838319874,7.269504695672302,225.8998,203.8896,235.526,228.12140000000002,53.86141636141637
26163516700,261635167001,820,204,107,214,295,3.629624720802624,0.21552568603160124,0.3126690675075637,0.06738821527542871,0.06569014174923711,0.07278149490275283,0.06300531526508459,0.06505040685847234,14.839389883124312,225.8998,203.8896,235.526,228.12140000000002,53.86141636141637
26163517500,261635175001,1246,324,166,331,425,5.516838427522144,0.20802265213098878,0.4923816578726721,0.1024265383313264,0.04321869591405621,0.04788422147694691,0.041452301500667074,0.042797803113807445,9.763094763246114,225.8998,203.8896,235.526,228.12140000000002,53.86141636141636
26163520300,261635203003,1395,1201,101,56,37,6.211842579825275,0.2077497180975181,0.5551396261157401,0.1153301008303066,0.03838322677081847,0.042526755905561334,0.03681446316280384,0.038009425029315695,8.670763250882537,225.8998,203.8896,235.526,228.12140000000002,53.861416361416374
26163521800,261635218001,1179,282,207,249,441,5.25398570681209,0.09754637107121793,1,0.09754637107121793,0.04538089285186308,0.05027983094310499,0.043526127132704234,0.04493894312001109,10.2515346190573,225.8998,203.8896,235.526,228.12140000000002,53.86141636141636
26163523300,261635233003,646,277,165,136,68,2.910986691915509,0.16990745727159567,0.31808999538454175,0.05404586229932109,0.08190712897047485,0.0907491311621803,0.07855949684113207,0.08110946212413422,18.502804053004475,225.8998,203.8896,235.526,228.12140000000002,53.861416361416374
26163524200,261635242001,1070,430,347,182,111,4.864721716427071,0.24285749887195449,0.3719021714664494,0.09031923118739066,0.04901216889774664,0.05430310889602602,0.04700898903546609,0.0485348553514365,11.071839151567186,225.8998,203.8896,235.526,228.12140000000002,53.86141636141637
26163525700,261635257004,889,298,312,191,88,4.0461191560435585,0.24505378691702567,0.30654870126767575,0.07512092012013998,0.058928210764609704,0.06528960293258301,0.05651975164560676,0.05835432811688503,13.311871026083175,225.8998,203.8896,235.526,228.12140000000002,53.86141636141637
26163526400,261635264001,506,201,144,97,64,2.2884360910193102,0.08078654963943835,0.5259227514542687,0.04248748446687028,0.10418930349060276,0.11543670113956997,0.09993097501195819,0.10317463780542493,23.53634282066646,225.8998,203.8896,235.526,228.12140000000002,53.861416361416374
26163530800,261635308002,444,160,90,112,82,1.9846830715528803,0.09058256720988893,0.406788597446849,0.03684795546844565,0.12013533335551846,0.13310412977388228,0.1152252735491833,0.11896537448018882,27.138547777944943,225.8998,203.8896,235.526,228.12140000000002,53.86141636141637
26163531800,261635318001,576,191,139,153,93,2.584536577383052,0.09364536614657618,0.5124112087925341,0.047984935264986546,0.09225273284678376,0.10221155909640256,0.08848226480109152,0.09135431353455607,20.83987389954188,225.8998,203.8896,235.526,228.12140000000002,53.86141636141637
26163533600,261635336002,597,172,169,156,100,2.6909898049141994,0.0864236009751064,0.5780986096444569,0.04996136356417634,0.08860329458351916,0.0981681582864357,0.08498198299023488,0.08774041596166804,20.01546652575806,225.8998,203.8896,235.526,228.12140000000002,53.861416361416374
26163534700,261635347001,764,237,192,180,155,3.43453341600225,0.1842463663815483,0.34609158903581955,0.06376611771506585,0.06942152936848973,0.07691569162937176,0.06658419707393644,0.06874545570926688,15.682309600035955,225.8998,203.8896,235.526,228.12140000000002,53.861416361416374
26163535600,261635356004,832,239,170,208,215,3.7173860580331706,0.2403960968155869,0.28709953177153075,0.06901760683545857,0.06413930613712224,0.07106324416995612,0.06151786396624866,0.06351467432917159,14.489056428514683,225.8998,203.8896,235.526,228.12140000000002,53.86141636141637
26163536500,261635365001,691,213,166,166,146,3.1018775329929023,0.13323716098059102,0.43223656920379727,0.05758997335270471,0.07686652998708352,0.08516439166478412,0.07372491253949104,0.07611795189217745,17.36413375077617,225.8998,203.8896,235.526,228.12140000000002,53.86141636141637
26163537200,261635372001,450,122,131,126,71,2.028777596190579,0.03766662173488431,1,0.03766662173488431,0.11752424851977807,0.13021117426179737,0.11272090654861103,0.11637971814905641,26.548704235768156,225.8998,203.8896,235.526,228.12140000000002,53.86141636141637
26163538200,261635382002,719,129,141,196,253,3.203838848398801,0.1348722170445742,0.44103229982364955,0.059483004065482986,0.07442027320607003,0.08245405765275216,0.07137863689442599,0.07369551840904262,16.811524833196575,225.8998,203.8896,235.526,228.12140000000002,53.86141636141637
26163538600,261635386002,823,269,175,189,190,3.6844501059248325,0.3010145050429156,0.2272518810007463,0.0684061124795112,0.06471265875541315,0.07169849109673118,0.0620677830486489,0.06408244325309279,14.618576670316079,225.8998,203.8896,235.526,228.12140000000002,53.861416361416374
26163539200,261635392001,1745,396,409,480,460,7.813438890902034,0.3245209849412256,0.4470145556763681,0.1450656038911593,0.030515444701780168,0.033809634503393984,0.02926824577771965,0.030218264726777928,6.893432855043199,225.8998,203.8896,235.526,228.12140000000002,53.86141636141637
26163539600,261635396002,1389,391,340,323,335,6.2383398204514124,0.2029640619663132,0.570653010575505,0.11582205299970998,0.03822019467814219,0.042346124244460645,0.03665809436645374,0.037847980653079386,8.633934333753384,225.8998,203.8896,235.526,228.12140000000002,53.86141636141636
26163540400,261635404001,1064,330,243,257,234,4.769590382359087,0.16840185193089408,0.5258434276518996,0.08855300704226901,0.04998973565694953,0.05538620551002977,0.047946601593699914,0.04950290190643125,11.292671286957765,225.8998,203.8896,235.526,228.12140000000002,53.86141636141637
26163540900,261635409003,740,174,180,191,195,3.3188425324617814,0.21968805647180062,0.2804803435838061,0.06161818156046923,0.07184148090002979,0.07959688069926346,0.06890524259326167,0.07114184012118349,16.228976167020548,225.8998,203.8896,235.526,228.12140000000002,53.86141636141636
26163541500,261635415002,1545,422,332,390,401,6.91012117325224,0.2404567408933905,0.533544855803409,0.12829445714692173,0.03450454144407463,0.03822936045442323,0.03309430386160411,0.03416851295541835,7.79456901130817,225.8998,203.8896,235.526,228.12140000000002,53.86141636141637
26163542300,261635423001,667,217,161,149,140,2.9965807707620615,0.14518632355909966,0.3831973619585992,0.05563501618031461,0.07956754068919164,0.08815698068062447,0.07631553003991173,0.07879265833095997,17.97429152818025,225.8998,203.8896,235.526,228.12140000000002,53.86141636141636
26163543100,261635431001,1037,281,249,271,236,4.6503164254910345,0.15912534711879947,0.5425819865695878,0.08633854695329345,0.05127190078917765,0.056806782366020984,0.04917636326305831,0.05077258045012468,11.582312133895071,225.8998,203.8896,235.526,228.12140000000002,53.86141636141637
26163544000,261635440001,1985,694,473,568,250,8.899572508593845,0.16523094099265195,1,0.16523094099265195,0.026791237688756377,0.02968339354063438,0.025696251096025607,0.02653032655262736,6.052135235642527,225.8998,203.8896,235.526,228.12140000000002,53.861416361416374
26163545500,261635455003,934,340,259,215,120,4.214273462191477,0.2170395184246239,0.3605007118449396,0.0782429008905598,0.05657690810649781,0.06268447348896773,0.05426454924669138,0.05602592402938187,12.780712225876233,225.8998,203.8896,235.526,228.12140000000002,53.86141636141637
26163545900,261635459001,1282,494,348,309,131,5.77982899844088,0.21179681237302247,0.506661378606131,0.10730926494129964,0.04125218280166708,0.04570542021005501,0.039566161886416075,0.04085044123199328,9.318859844460032,225.8998,203.8896,235.526,228.12140000000002,53.86141636141637
26163546700,261635467001,1268,433,279,319,237,5.678502358519218,0.17405436627551457,0.6057188910278005,0.10542801771895129,0.041988282711259636,0.04652098325180396,0.040272176603929115,0.04157937250436394,9.48514466681701,225.8998,203.8896,235.526,228.12140000000002,53.861416361416374
